log_id,pet_id,employee_id,log_datetime,activity_type,notes
1,8,2,2025-02-20 11:06:50.407270,Feeding,Performed feeding for pet. Notes: Subject at worry book foot.
2,4,16,2025-07-06 11:06:50.415771,Feeding,Performed feeding for pet. Notes: Wall media life certain professor production like ahead.
3,3,15,2024-10-15 11:06:50.417096,Grooming,Performed grooming for pet. Notes: Rate discussion individual cost.
4,3,15,2025-01-27 11:06:50.417782,Vet Visit,Performed vet visit for pet. Notes: Theory break apply this along quite.
5,8,15,2024-09-28 11:06:50.419136,Medication,Performed medication for pet. Notes: But customer thought because late.
6,6,3,2024-12-28 11:06:50.419831,Vet Visit,Performed vet visit for pet. Notes: Item music forget leave miss bit there.
7,14,15,2025-01-18 11:06:50.420488,Vet Visit,Performed vet visit for pet. Notes: Environmental history performance.
8,2,16,2025-03-30 11:06:50.421168,Grooming,Performed grooming for pet. Notes: True various alone animal bad.
9,11,16,2025-01-30 11:06:50.421856,Playtime,Performed playtime for pet. Notes: Language together rise feel.
10,4,16,2025-07-10 11:06:50.422506,Grooming,Performed grooming for pet. Notes: Common add himself cultural.
11,14,16,2025-06-18 11:06:50.423171,Feeding,Performed feeding for pet. Notes: Computer offer call.
12,1,16,2024-10-24 11:06:50.423838,Cleaning,Performed cleaning for pet. Notes: Improve must suggest wall fine west loss.
13,6,3,2025-06-07 11:06:50.424510,Feeding,Performed feeding for pet. Notes: American view figure three simply machine.
14,8,17,2025-04-29 11:06:50.425226,Playtime,Performed playtime for pet. Notes: Over report show.
15,14,15,2024-09-29 11:06:50.425917,Medication,Performed medication for pet. Notes: High still under tend wide.
16,20,17,2025-05-25 11:06:50.426576,Playtime,Performed playtime for pet. Notes: Dinner film until run morning.
17,6,2,2025-01-19 11:06:50.427254,Medication,Performed medication for pet. Notes: Figure side respond.
18,7,3,2024-12-31 11:06:50.427919,Grooming,Performed grooming for pet. Notes: Prove read amount most song offer theory.
19,18,19,2024-09-03 11:06:50.428572,Cleaning,Performed cleaning for pet. Notes: At street reach because.
20,16,10,2025-07-05 11:06:50.429284,Medication,Performed medication for pet. Notes: Have nice common view book believe.
21,1,19,2025-03-11 11:06:50.429992,Cleaning,Performed cleaning for pet. Notes: Concern too different Mrs increase art heavy.
22,4,3,2025-05-27 11:06:50.430846,Feeding,Performed feeding for pet. Notes: Feeling although effect space bag policy.
23,14,10,2024-08-23 11:06:50.431526,Cleaning,Performed cleaning for pet. Notes: Size nothing attorney two security true.
24,14,16,2025-03-29 11:06:50.432204,Medication,Performed medication for pet. Notes: House blood body investment know.
25,5,2,2025-06-05 11:06:50.432874,Playtime,Performed playtime for pet. Notes: His risk important visit.
26,1,17,2025-04-25 11:06:50.433572,Cleaning,Performed cleaning for pet. Notes: Wind shake full.
27,16,19,2025-08-06 11:06:50.434272,Cleaning,Performed cleaning for pet. Notes: Number remain product safe away stage interview.
28,10,3,2025-08-07 11:06:50.434953,Vet Visit,Performed vet visit for pet. Notes: Human able gas of.
29,6,2,2024-10-13 11:06:50.435605,Medication,Performed medication for pet. Notes: West series everything sometimes expect goal we art.
30,12,3,2024-11-06 11:06:50.436293,Feeding,Performed feeding for pet. Notes: Piece speak tend shoulder face in either.
31,20,15,2024-11-26 11:06:50.436994,Playtime,Performed playtime for pet. Notes: Beautiful interest good skin our able it.
32,10,16,2025-06-11 11:06:50.437680,Cleaning,Performed cleaning for pet. Notes: General old born until town require.
33,13,17,2025-06-02 11:06:50.438359,Grooming,Performed grooming for pet. Notes: Understand figure yourself both according.
34,4,3,2024-10-19 11:06:50.439053,Cleaning,Performed cleaning for pet. Notes: Huge our picture artist concern great.
35,19,2,2024-09-01 11:06:50.439799,Cleaning,Performed cleaning for pet. Notes: Positive left relate check street get later.
36,1,3,2025-05-23 11:06:50.440481,Feeding,Performed feeding for pet. Notes: Defense key already huge stay sister.
37,18,2,2025-05-16 11:06:50.441167,Vet Visit,Performed vet visit for pet. Notes: Fly especially where over community.
38,13,19,2025-05-11 11:06:50.441874,Cleaning,Performed cleaning for pet. Notes: Be discussion bank upon heart land.
39,10,16,2025-07-07 11:06:50.442521,Cleaning,Performed cleaning for pet. Notes: West national name process.
40,3,17,2025-08-04 11:06:50.443207,Vet Visit,Performed vet visit for pet. Notes: Two bring before responsibility allow during food left.
41,5,3,2025-07-14 11:06:50.443919,Grooming,Performed grooming for pet. Notes: Audience alone opportunity local machine.
42,5,17,2024-12-19 11:06:50.444618,Feeding,Performed feeding for pet. Notes: Today situation their group.
43,8,19,2025-05-23 11:06:50.445284,Cleaning,Performed cleaning for pet. Notes: Job catch size from suffer.
44,15,19,2025-05-30 11:06:50.445984,Cleaning,Performed cleaning for pet. Notes: Situation authority physical finally focus attack meet.
45,8,15,2025-03-13 11:06:50.446628,Vet Visit,Performed vet visit for pet. Notes: Responsibility nearly despite decide keep trouble sign.
46,10,19,2024-10-05 11:06:50.447303,Playtime,Performed playtime for pet. Notes: Final charge agree agree four.
47,4,2,2025-07-08 11:06:50.447958,Playtime,Performed playtime for pet. Notes: Stage room order impact lot class according standard.
48,13,2,2024-12-25 11:06:50.448594,Cleaning,Performed cleaning for pet. Notes: Knowledge light later whole second trip course.
49,15,15,2024-09-13 11:06:50.449251,Cleaning,Performed cleaning for pet. Notes: Author later conference.
50,17,19,2025-01-15 11:06:50.449929,Feeding,Performed feeding for pet. Notes: Method group shoulder while budget.
